SNP,p-val,effect,SE,a1,a2,a1_freq,Units,Gene,n
rs11709077,1.1e-09,0.157003749,0.026187284,G,A,0.1193,,,69033
rs7651090,2e-11,0.122217633,0.018067871,G,A,0.3042,,,69033
rs9368222,4.8e-23,0.19062036,0.019062129,A,C,0.2803,,,69033
rs864745,7.3e-11,0.113328685,0.016020638,T,C,0.5199,,,69033
rs3802177,2.1e-11,0.148420005,0.024104807,G,A,0.2833,,,61519
rs2383208,6e-14,0.165514438,0.023697384,A,G,0.173,,,69033
rs5015480,2.2e-16,0.139761942,0.017753391,C,T,0.4264,,,69033
rs4506565,4.9e-68,0.31481074,0.018628861,T,A,0.3459,,,69033
rs7933855,1.3e-09,0.113328685,0.020419058,A,G,0.4145,,,63390
rs9936385,4.7e-11,0.122217633,0.020238965,C,T,0.4135,,,63390