"id.exposure","id.outcome","outcome","exposure","method","nsnp","b","se","pval","OR","lower_CI","upper_CI"
"NPhXVM","nvY4I0","outcome","exposure","MR Egger",10,0.405999254483442,0.389728133229558,0.327983705498496,1.50080143358528,0.69916543799587,3.22156219493353
"NPhXVM","nvY4I0","outcome","exposure","Weighted median",10,0.13953939828639,0.177813651020162,0.432599713517089,1.14974410277318,0.811415230523934,1.62914307266347
"NPhXVM","nvY4I0","outcome","exposure","Inverse variance weighted",10,0.147177632769172,0.13364173626534,0.270772659448504,1.15855974292808,0.891579945608977,1.50548549745224
"NPhXVM","nvY4I0","outcome","exposure","Simple mode",10,0.409282566207958,0.291978791043267,0.19452078188197,1.50573713081067,0.84959470212979,2.6686186971486
"NPhXVM","nvY4I0","outcome","exposure","Weighted mode",10,0.199523919388402,0.205522077467251,0.357006266617414,1.22082141038324,0.816033923106739,1.82640068488326
